Id,Movie
0,Starman
1,National Lampoon's Animal House
2,Malcolm X
3,Basic
4,House on Haunted Hill
5,Chicago
6,Equilibrium
7,Go
8,Rent
9,Salvador
10,Nashville
11,Cloak & Dagger
12,Manhattan
13,The War of the Worlds
14,Mortal Kombat
15,Nixon
16,Exiled: A Law & Order Movie
17,Blue Streak
18,The Stepford Wives
19,Air Force One
20,The House of the Spirits
21,Hamlet
22,Jagged Edge
23,The Big Chill
24,Mickey's Christmas Carol
25,Der Fuehrer's Face
26,Donald's Cousin Gus
27,Revenge of the Nerds IV: Nerds in Love
28,Revenge of the Nerds III: The Next Generation
29,A Kid in King Arthur's Court
30,Booty Call
31,Everyman's Feast
32,Bonjour tristesse
33,JFK
34,Identity
35,Heavy
36,Nobody's Fool
37,Constantine
38,She's Having a Baby
39,Who's Harry Crumb?
40,The Jazz Singer
41,Ben-Hur
42,Destination Moon
43,Double Indemnity
44,Harry Potter and the Chamber of Secrets
45,Harry Potter and the Prisoner of Azkaban
46,Harry Potter and the Philosopher's Stone
47,Harry Potter and the Order of the Phoenix
48,Harry Potter and the Half-Blood Prince
49,Harry Potter and the Goblet of Fire
50,Lifeforce
51,Othello
52,Faces
53,X2
54,X-Men
55,Swordfish
56,Kate & Leopold
57,Someone Like You
58,Seabiscuit
59,Spider-Man
60,The Wizard
61,Don's Plum
62,Quo Vadis
63,Three Comrades
64,Shiva
65,Anjali
66,Run
67,Zenon: Girl of the 21st Century
68,The Patriot
69,Micki + Maude
70,Bedazzled
71,Arthur
72,10
73,Contempt
74,The Professionals
75,Batman
76,Spider
77,Little Women
78,Stella
79,Topkapi
80,Possessed
81,Queen Bee
82,Dead Men Don't Wear Plaid
83,Grand Hotel
84,Scooby-Doo 2: Monsters Unleashed
85,She's All That
86,Delgo
87,Wing Commander
88,Scooby-Doo
89,Cabin Boy
90,Groundhog Day
91,Medusa: Dare to Be Truthful
92,There's Something About Mary
93,Room Service
94,Animal Crackers
95,A Night at the Opera
96,Saps at Sea
97,A Day at the Races
98,Monkey Business
99,Mr. Nanny
100,Alice in Wonderland
101,Mr. & Mrs. Smith
102,The Big House
103,Deep Impact
104,Max
105,Uprising
106,Birth
107,Silver City
108,Spanish Fly
109,Around the World in 80 Days
110,L'Auberge espagnole
111,You've Got Mail
112,Midway
113,Domino
114,Continental Divide
115,The Cotton Club
116,Kronos
117,Jetsons: The Movie
118,Thunderbirds
119,Underworld
120,25th Hour
121,Fat Albert
122,The Little Mermaid
123,The Little Mermaid II: Return to the Sea
124,Lady and the Tramp II: Scamp's Adventure
125,Witness
126,North
127,UHF
128,Jack
129,Ragtime
130,Santa's Slay
131,The Great Waltz
132,The Good Earth
133,Desperado
134,XXX
135,Anchorman: The Legend of Ron Burgundy
136,Heat
137,Anaconda
138,Ewoks: The Battle for Endor
139,Men in Black
140,How to Kill Your Neighbor's Dog
141,The Mask
142,Balto
143,Apollo 13
144,Sleepers
145,Mystic River
146,Tremors
147,Criminal Law
148,Diner
149,My Dog Skip
150,Starting Over
151,Friday the 13th
152,Paper Moon
153,Chinatown
154,Dodge City
155,Edge of Darkness
156,Happy Together
157,Hero
158,2046
159,Cyclo
160,Richard III
161,Battle of Britain
162,Exodus
163,"Greystoke - The Legend of Tarzan, Lord of the Apes"
164,O Lucky Man!
165,Popeye
166,Rad
167,Forever Young
168,Dreamscape
169,Mr. Nice Guy
170,Mighty Morphin' Power Rangers: The Movie
171,Little Nicky
172,Predator
173,Marnie
174,The Birds
175,Daylight
176,Brainstorm
177,Exorcist II: The Heretic
178,Audition
179,Brother
180,That Darn Cat!
181,Wolf
182,Apt Pupil
183,Rapunzel
184,Madagascar
185,Twilight Zone: The Movie
186,The Doors
187,Airport '77
188,Event Horizon
189,The Hitchhiker's Guide to the Galaxy
190,Carmen: A Hip Hopera
191,Monster's Ball
192,Rat Race
193,Sister Act 2: Back in the Habit
194,8mm
195,Red Dragon
196,Friday
197,Elf
198,Made
199,Posse
200,Notting Hill
201,Iris
202,Splash
203,Gettysburg
204,1900
205,The Star
206,Suddenly
207,Dr. Strangelove or: How I Learned to Stop Worrying and Love the Bomb
208,Twin Peaks: Fire Walk With Me
209,The Lion King II: Simba's Pride
210,Chaplin
211,The Talented Mr. Ripley
212,Hulk
213,The Village
214,Miracle
215,Bring It On
216,Lean on Me
217,Jerky Boys: The Movie
218,Cuckoo
219,Bram Stoker's Dracula
220,Strategic Air Command
221,Earthquake
222,The 'Burbs
223,Tom and Jerry: The Movie
224,Gremlins 2: The New Batch
225,Magnolia
226,Mulholland Drive
227,Rabbits
228,King Kong
229,Ned Kelly
230,Flirting
231,Cars
232,Born in East L.A.
233,After Hours
234,Cheech & Chong's Next Movie
235,Oliver & Company
236,Cheech & Chong's Up in Smoke
237,Home Alone 2: Lost in New York
238,Father of the Bride
239,Willow
240,Scandal
241,Young Dr. Kildare
242,State Fair
243,John Carpenter's The Fog
244,Halloween
245,Assault on Precinct 13
246,Halloween III: Season of the Witch
247,Prey for Rock & Roll
248,Guinevere
249,Face/Off
250,Bound
251,Cocktail
252,The Insider
253,The Lord of the Rings: The Return of the King
254,The Lord of the Rings: The Two Towers
255,Titanic
256,But I'm a Cheerleader
257,Cecil B. Demented
258,Polyester
259,Cat's Eye
260,Casino
261,"Legally Blonde 2: Red, White & Blonde"
262,The Broken Hearts Club: A Romantic Comedy
263,Down to Earth
264,Lemony Snicket's A Series of Unfortunate Events
265,Robots
266,"To Wong Foo, Thanks for Everything! Julie Newmar"
267,Greed
268,Out Cold
269,Dazed and Confused
270,Shaft
271,Eraser
272,Soul Food
273,The Jacksons: An American Dream
274,Tales from the Crypt
275,Island in the Sun
276,Casper
277,"South Park: Bigger, Longer & Uncut"
278,The Rutles
279,An Alan Smithee Film: Burn Hollywood Burn
280,King of the Hill
281,X
282,Dirty Work
283,Kelly's Heroes
284,Picnic
285,Of Mice and Men
286,Bus Stop
287,The Night of the Hunter
288,Mission: Impossible
289,Airplane!
290,Watership Down
291,The Lord of the Rings
292,Ferris Bueller's Day Off
293,Ballistic: Ecks vs. Sever
294,Star Wars Episode I: The Phantom Menace
295,Mortal Kombat: Annihilation
296,
297,Aftershock: Earthquake in New York
298,Mimic
299,Rudy
300,Mary Poppins
301,Chairman of the Board
302,Max Keeble's Big Move
303,The Princess Diaries
304,Soldier
305,Wes Craven's New Nightmare
306,Spawn
307,Friendly Persuasion
308,Cursed
309,Sirens
310,Three Kings
311,Adaptation
312,Cobb
313,The Final Cut
314,Romy and Michele's High School Reunion
315,Barcelona
316,Arsenic and Old Lace
317,The Bishop's Wife
318,Barbershop 2: Back in Business
319,Barbershop
320,M
321,Abe Lincoln in Illinois
322,The Fox and the Hound
323,The Poseidon Adventure
324,Willy Wonka & the Chocolate Factory
325,Honey
326,Sin City
327,Fantastic Four
328,Traffic
329,Volcano
330,Ocean's Twelve
331,The Misfits
332,Dogma
333,MASH
334,Pollock
335,Anger Management
336,Big Daddy
337,Spanglish
338,Bulletproof
339,The Princess Diaries 2: Royal Engagement
340,Signs
341,Speak
342,Dead End
343,Once a Thief
344,"All's Well, Ends Well Too"
345,Rouge
346,Double Tap
347,"All's Well, Ends Well"
348,"He's a Woman, She's a Man"
349,The Kid
350,Salome
351,Alexander
352,Master and Commander: The Far Side of the World
353,The Crow
354,Hook
355,Sylvia
356,Hard Eight
357,Possession
358,Mrs. Parker and the Vicious Circle
359,Austin Powers: Goldmember
360,Whiteout
361,Ring
362,Final Fantasy: The Spirits Within
363,Kiki's Delivery Service
364,Laputa: Castle in the Sky
365,Batman Beyond: Return of the Joker
366,Tucker: The Man and His Dream
367,Dune
368,The Rainmaker
369,Show Boat
370,Anchors Aweigh
371,Roxanne
372,The Shining
373,Home Fries
374,Savior
375,Cat People
376,"Paris, Texas"
377,Fathers' Day
378,Dragon: The Bruce Lee Story
379,High Voltage
380,Cold Mountain
381,Whatever Happened to Harold Smith?
382,Hercules
383,Robin Hood
384,Scrooge
385,The Battle of the River Plate
386,The Avengers
387,Resident Evil: Apocalypse
388,Eragon
389,Mujhse Dosti Karoge!
390,"Swing Out, Sister"
391,The Wizard of Oz
392,Topper
393,Lifeboat
394,Wake Island
395,Beauty and the Beast
396,Beauty and the Beast: The Enchanted Christmas
397,Double Jeopardy
398,Heaven & Earth
399,Man of the House
400,The Hunted
401,Rules of Engagement
402,Coal Miner's Daughter
403,Jude
404,Benny & Joon
405,The Mission
406,Michael Collins
407,Blink
408,Avalon
409,Dead Zone
410,"A Lonesome, Final Battle: The Father of Z-Warrior Son Goku, who Challenged Freeza"
411,"Burn Up!! A Close, Intense, Super-Fierce Battle"
412,"Clash!! 10,000,000,000 Powerful Warriors"
413,Rebirth of Fusion!! Goku and Vegeta!!
414,Day for Night
415,Jesus of Nazareth
416,Zulu
417,Tobruk
418,Rio Bravo
419,Fury
420,How the West Was Won
421,Red River
422,Come and Get It
423,Kentucky
424,Caravaggio
425,Don't Say a Word
426,The Island
427,Ronin
428,Troy
429,National Treasure
430,The Lord of the Rings: The Fellowship of the Ring
431,Beyond the Sea
432,The Rules of Attraction
433,Win a Date with Tad Hamilton!
434,Baby Boy
435,Starsky & Hutch
436,The Wash
437,Vanishing Point
438,Twelve O'Clock High
439,Brigham Young
440,"The Beast from 20,000 Fathoms"
441,Love Letters
442,Guess Who's Coming to Dinner
443,Gone to Earth
444,The Song of Bernadette
445,Love Is a Many-Splendored Thing
446,Beat the Devil
447,Juarez
448,Scarface
449,Macbeth
450,Aliens
451,Caravan of Courage: An Ewok Adventure
452,The Emperor's New Groove
453,The American President
454,Fearless
455,Rounders
456,Miller's Crossing
457,"O Brother, Where Art Thou?"
458,Collateral Damage
459,State of Grace
460,I Know Where I'm Going!
461,The Elephant Man
462,Weird Science
463,Mad Max 2: The Road Warrior
464,Commando
465,Les Miserables
466,Sinkin' in the Bathtub
467,That's Entertainment III
468,Batman & Robin
469,Love's Labour's Lost
470,Reign of Fire
471,Exorcist: The Beginning
472,Pokamon: Legend Comes to Life
473,Escaflowne
474,Intimacy
475,Small Faces
476,Scream
477,The Chronicles of Riddick: Dark Fury
478,Robin Hood: Prince of Thieves
479,A Bug's Life
480,Vampire Hunter D: Bloodlust
481,SLC Punk!
482,Star Trek: The Motion Picture
483,Star Trek V: The Final Frontier
484,Star Trek VI: The Undiscovered Country
485,Are We There Yet
486,Star Trek II: The Wrath of Khan
487,Star Trek IV: The Voyage Home
488,Star Trek III: The Search for Spock
489,Swept Away
490,Chopper
491,Morgan Stewart's Coming Home
492,CKY
493,Jackass: The Movie
494,Aladdin
495,Babe
496,DuckTales the Movie: Treasure of the Lost Lamp
497,Mickey's Twice Upon a Christmas
498,The Lawnmower Man
499,3: The Dale Earnhardt Story
500,Enemy of the State
501,61*
502,The Green Mile
503,Hans Christian Andersen
504,Rope
505,Strangers on a Train
506,Manhunter
507,Laura
508,Heaven Can Wait
509,Star Trek: Generations
510,Star Trek: Insurrection
511,Star Trek: First Contact
512,Star Trek Nemesis
513,Prizzi's Honor
514,Tales from the Crypt presents: Demon Knight
515,AVP: Alien vs. Predator
516,Charlie's Angels: Full Throttle
517,The Saint
518,Chicken Little
519,The Princess Bride
520,Winchester '73
521,The Diary of Anne Frank
522,S.O.B.
523,Lolita
524,Diamonds
525,Pete's Dragon
526,The Last Tycoon
527,Spartacus
528,"Captain Newman, M.D."
529,O
530,Dawn of the Dead
531,Impromptu
532,Peeping Tom
533,Silver Streak
534,Superman
535,Superman IV: The Quest For Peace
536,Skippy
537,A.I.
538,All the King's Men
539,I heart Huckabees
540,Bent
541,Wilde
542,Alfie
543,Closer
544,Evolution
545,Harold & Kumar Go to White Castle
546,Mackenna's Gold
547,Akira
548,The Last Unicorn
549,Point Blank
550,Dracula
551,Glen or Glenda?
552,The Lost World: Jurassic Park
553,Fever Pitch
554,Once Upon a Crime...
555,Darkness
556,Casino Royale
557,Hannibal
558,Man on Fire
559,Sleepover
560,Nowhere
561,Khabi Khushi Kabhi Gham
562,Chameli
563,Asoka
564,Free Willy 2: The Adventure Home
565,Conspiracy Theory
566,What About Bob?
567,Saved!
568,The Portrait of a Lady
569,Mandingo
570,"Dirty Mary, Crazy Larry"
571,Jimmy Neutron: Boy Genius
572,Boris and Natasha
573,Flower & Garnet
574,Blade: Trinity
575,Lilo & Stitch
576,The Jungle Book
577,Deterrence
578,Kinsey
579,French Kiss
580,The Gift
581,Boys Don't Cry
582,John Carter of Mars
583,Spy Kids 2: Island Of Lost Dreams
584,Garden State
585,The Dukes of Hazzard
586,Hearts of Darkness: A Filmmakers's Apocalypse
587,Swiss Family Robinson
588,The Pure Hell of St Trinian's
589,Excalibur
590,Edward II
591,National Lampoon's Christmas Vacation
592,Wild at Heart
593,Alice Doesn't Live Here Anymore
594,Monument Ave.
595,Atlantic City
596,The Devil's Disciple
597,"Come Back, Little Sheba"
598,Airport
599,Vera Cruz
600,"Sorry, Wrong Number"
601,The Osterman Weekend
602,His Majesty O'Keefe
603,Ulzana's Raid
604,Gunfight at the O.K. Corral
605,Timeline
606,The Fast and the Furious
607,The Skulls
608,Mr. Destiny
609,Matilda
610,Happiness
611,The Brave Little Toaster
612,Cats & Dogs
613,An American Tail: Fievel Goes West
614,Â¡Three Amigos!
615,Quintet
616,Enigma
617,Lenny
618,Heavy Metal
619,1941
620,Stripes
621,Armed and Dangerous
622,Suspicion
623,Bulldog Drummond's Secret Police
624,Spellbound
625,K-19: The Widowmaker
626,That Was Then... This Is Now
627,Revenge of the Nerds II: Nerds in Paradise
628,Orange County
629,Detroit Rock City
630,Cabin Fever
631,Peter Pan
632,"The 5,000 Fingers of Dr. T"
633,Porky's
634,Only When I Laugh
635,Witchfinder General
636,Pulp Fiction
637,Swing Kids
638,The Ten Commandments
639,Key Largo
640,Phantom of the Opera
641,Viva Villa!
642,Alien Nation
643,The Order
644,Cobra
645,Maverick
646,Candy
647,Affliction
648,Face to Face
649,Wild Strawberries
650,Endless Love
651,Twister
652,Crossroads
653,The Man Who Wasn't There
654,That's Dancing!
655,"New York, New York"
656,Cabaret
657,Cul-de-Sac
658,Vacation
659,Nothing Lasts Forever
660,Riding the Bullet
661,The Serpent's Egg
662,Downfall
663,Top Secret!
664,Top Gun
665,The Real McCoy
666,Red Planet
667,Spartan
668,Tombstone
669,Mangal Pandey: The Rising
670,East is East
671,The Temptations
672,The Preacher's Wife
673,The Brothers
674,My Boyfriend's Back
675,The Emperor's Club
676,Longshot
677,Frequency
678,Pay It Forward
679,The Count of Monte Cristo
680,The Rock
681,The Thin Red Line
682,Collateral
683,Live from Baghdad
684,King Arthur
685,Lara Croft Tomb Raider: The Cradle of Life
686,History Is Made at Night
687,Three Colors: Red
688,Anastasia
689,Dr. Dolittle 2
690,What's Eating Gilbert Grape
691,Jabberwocky
692,Morgan: A Suitable Case for Treatment
693,Doctor Dolittle
694,Oliver Twist
695,Where the Heart Is
696,"Come Back to the Five and Dime, Jimmy Dean, Jimmy Dean"
697,Mask
698,Mermaids
699,By Dawn's Early Light
700,El Norte
701,St. Elmo's Fire
702,Bad News Bears
703,Mo' Better Blues
704,Alive
705,Crimson Tide
706,Demolition Man
707,Pii±ero
708,Catwoman
709,Robin Hood: Men in Tights
710,Cocoon
711,Cocoon: The Return
712,Vampires
713,Rugrats Go Wild!
714,The Flintstones
715,Stagecoach
716,The Hurricane
717,Wilson
718,Barbarians at the Gate
719,What a Girl Wants
720,Pirates of the Caribbean: The Curse of the Black Pearl
721,Stigmata
722,Pirates of the Caribbean: Dead Man's Chest
723,Brazil
724,The Hunchback of Notre Dame
725,About Last Night
726,Striptease
727,Ghost
728,Ali
729,Rappin'
730,BAADASSSSS!
731,Somewhere in Time
732,My Best Friend's Wedding
733,The Librarian
734,I'm All Right Jack
735,Private's Progress
736,Victim
737,Oh... Rosalinda!!
738,Madame X
739,Peyton Place
740,Moulin Rouge!
741,Super Mario Bros.
742,Ice Age
743,Romeo + Juliet
744,Carlito's Way
745,Revenge
746,Short Circuit
747,Music Box
748,The Rose
749,Bill & Ted's Bogus Journey
750,Jersey Girl
751,Bill & Ted's Excellent Adventure
752,Car Wash
753,"Goodbye, Mr. Chips"
754,A Christmas Carol
755,The Messenger: The Story of Joan of Arc
756,The Killing Fields
757,Making Mr. Right
758,Ratatouille
759,Murphy's War
760,Caligula
761,What's New Pussycat?
762,Lawrence of Arabia
763,Vanity Fair
764,Elizabeth: The Golden Age
765,Human Nature
766,The Replacements
767,Austin Powers:The Spy Who Shagged Me
768,Les Diaboliques
769,Ship of Fools
770,Sniper
771,Caveman
772,The Alamo
773,F/X
774,The Godfather Part III
775,Sleeper
776,Something's Gotta Give
777,Marvin's Room
778,Xanadu
779,That's Entertainment!
780,China O'Brien
781,Garfield
782,Sneakers
783,K-9
784,Thief
785,Pigs Is Pigs
786,Porky's Duck Hunt
787,I Haven't Got a Hat
788,"It's a Mad, Mad, Mad, Mad World"
789,Elizabeth
790,Trainspotting
791,Intermission
792,P.S.
793,Into the West
794,The Keep
795,Gothic
796,Point of No Return
797,Ghost Ship
798,Dungeons & Dragons
799,The Phantom of the Opera
800,Sense and Sensibility
801,Dante's Peak
802,Ocean's Eleven
803,The Longest Day
804,Ginger Snaps 2: Unleashed
805,Heaven's Gate
806,National Lampoon's Last Resort
807,Contact
808,Pearl Harbor
809,Strange Days
810,Armageddon
811,What's the Worst That Could Happen?
812,"What's Up, Doc?"
813,The Producers
814,Fargo
815,Major League
816,Heist
817,Fail-Safe
818,Charlie's Angels
819,Willard
820,Gross Anatomy
821,Vision Quest
822,Star Wars Episode V: The Empire Strikes Back
823,Star Wars Episode VI: Return of the Jedi
824,Robotech: The Shadow Chronicles
825,Star Wars Episode IV: A New Hope
826,Batman: Mask of the Phantasm
827,Shanghai Express
828,Piccadilly
829,The Thief of Bagdad
830,Dirty Rotten Scoundrels
831,The X Files
832,Mr. Holland's Opus
833,Dick Tracy
834,Eulogy
835,"Heaven Knows, Mr. Allison"
836,"Edward, My Son"
837,Hitch
838,Kiss of Death
839,"Now, Voyager"
840,House Party
841,Book of Shadows: Blair Witch 2
842,Boys Town
843,My Family
844,E.T. the Extra-Terrestrial
845,Voodoo Academy
846,Night Watch
847,The Manchurian Candidate
848,Darling
849,Celine et Julie vont En Bateau
850,Grease
851,The People vs. Larry Flynt
852,Pokamon: Jirachi Wishmaker
853,Pokamon: Lucario and the Mystery of Mew
854,Pokamon: Destiny Deoxys
855,Henry V
856,Mona Lisa
857,Rio Grande
858,The Searchers
859,Donovan's Reef
860,McLintock!
861,El Dorado
862,The Green Berets
863,In Harm's Way
864,The Cruel Sea
865,Waterloo
866,Julia
867,The Firm
868,Wall Street
869,Cats Don't Dance
870,Tales from the Darkside: The Movie
871,Peter's Friends
872,Crush
873,Under the Tuscan Sun
874,"Ladies and Gentlemen, The Fabulous Stains"
875,Unfaithful
876,Terminator 2: Judgment Day
877,Bottle Rocket
878,In the Time of the Butterflies
879,Police Academy 2: Their First Assignment
880,Police Academy
881,The Craft
882,Dodgeball: A True Underdog Story
883,Party Girl
884,Minority Report
885,The Contender
886,Independence Day
887,The Fly
888,Jurassic Park
889,Planet of the Apes
890,Daredevil
891,Doctor Who
892,Antitrust
893,Lady Caroline Lamb
894,Kingdom of Heaven
895,Atlantis: Milo's Return
896,Sink the Bismarck!
897,Pinky
898,The Farmer's Daughter
899,Blackadder: Back & Forth
900,Lost Horizon
901,Project X
902,Top Hat
903,Dirty Pretty Things
904,Mr. Saturday Night
905,Jacob's Ladder
906,Romeo and Juliet
907,Final Fantasy VII: Advent Children
908,Addicted to Love
909,Bad Boys
910,Aces High
911,In & Out
912,Rugrats in Paris: The Movie
913,Panic
914,Backdraft
915,Fallen
916,Buffy the Vampire Slayer
917,Outbreak
918,Six Degrees of Separation
919,Don't Look Now
920,Cross Creek
921,The Boys from Brazil
922,King Rat
923,Percy
924,Gone in Sixty Seconds
925,Rock Star
926,Fahrenheit 9/11Â½
927,Roger & Me
928,Fahrenheit 9/11
929,The Big One
930,Bad Girls
931,Singles
932,Point Break
933,Under Siege 2: Dark Territory
934,Ararat
935,Problem Child
936,King David
937,It
938,The Dreamer of Oz: The L. Frank Baum Story
939,Tadpole
940,King of Kings
941,The Singing Detective
942,Rush Hour
943,Taxi
944,The Muppets' Wizard of Oz
945,Sphere
946,Knife in the Water
947,That Thing You Do!
948,Radio Flyer
949,Philadelphia
950,Full Frontal
951,Hot Shots! Part Deux
952,Blank Check
953,Sabrina
954,Dumb & Dumber
955,The Fiendish Plot of Dr. Fu Manchu
956,Nirvana
957,Heaven
958,Lost in Translation
959,Boiler Room
960,House of Wax
961,Jaws
962,1984
963,Pillow Talk
964,Perfect Strangers
965,Cape Fear
966,Uranus
967,Delicatessen
968,The Funeral
969,Beethoven's 2nd
970,Wizards
971,Flesh & Blood
972,My Blue Heaven
973,Die Hard: With a Vengeance
974,Clue
975,What's Love Got to Do with It
976,Heavy Weights
977,Amy Stiller's Breast
978,Fame
979,Labyrinth
980,Lost in Space
981,All the Queen's Men
982,Gandhi
983,Quadrophenia
984,Homeward Bound: The Incredible Journey
985,Atlantis: The Lost Empire
986,Bongwater
987,Black and White
988,What the #$*! Do We Know!?
989,Divine Intervention
990,"From Time to Time/""De Temps en Temps"""
991,Topaz
992,The Philadelphia Experiment
993,Genevieve
994,Walker
995,Sweet Dreams
996,Agent Cody Banks 2: Destination London
997,Snake Eyes
998,The League of Gentlemen
999,For Love of the Game
1000,The Bourne Supremacy
1001,Rob Roy
1002,The Bourne Identity
1003,Rushmore
1004,The Secret Garden
1005,Oh! What a Lovely War
1006,Stage Fright
1007,The Dam Busters
1008,Fanboys
1009,2010: The Year We Make Contact
1010,Manhattan Project
1011,Obsession
1012,Cliffhanger
1013,Howards End
1014,Junior
1015,Imagining Argentina
1016,Sahara
1017,Cellular
1018,Behind Enemy Lines
1019,Sabretooth
1020,Love and Kisses
1021,Lake Placid
1022,Mission: Impossible II
1023,The Hole
1024,Schindler's List
1025,Stand by Me
1026,Joan of Arc
1027,Lagaan: Once Upon a Time in India
1028,Munna Bhai M.B.B.S.
1029,Contraband
1030,Casablanca
1031,Hackers
1032,Presumed Innocent
1033,Speed
1034,The Lion King 1Â½
1035,The Taking of Pelham One Two Three
1036,Weekend at Bernie's II
1037,Weekend at Bernie's
1038,Child's Play 2
1039,Pretty Baby
1040,Dilwale Dulhaniy Le Jayenge
1041,Thursday
1042,Anna
1043,Scenes from a Marriage
1044,Persona
1045,When a Man Loves a Woman
1046,10.5
1047,Limelight
1048,The Haunting
1049,"Me, Myself & Irene"
1050,Shall We Dance?
1051,Cheaper by the Dozen
1052,Don't Tell Mom the Babysitter's Dead
1053,Ticker
1054,Out of the Blue
1055,Easy Rider
1056,The Trip
1057,Dinosaur
1058,Ray
1059,Breakfast at Tiffany's
1060,Zhou Yu's Train
1061,America's Sweethearts
1062,Can't Hardly Wait
1063,Python
1064,Panic Room
1065,The French Connection
1066,F.I.S.T
1067,Runaway Train
1068,The Crow: Salvation
1069,Hustle
1070,Paparazzi
1071,First Daughter
1072,Amerika
1073,Madhouse
1074,Starship Troopers
1075,"One, Two, Three"
1076,Bob & Carol & Ted & Alice
1077,Shogun
1078,Arachnophobia
1079,Naked Lunch
1080,Reign: The Conqueror
1081,"The Adventures of Priscilla, Queen of the Desert"
1082,Gallipoli
1083,Muriel's Wedding
1084,The Hand That Rocks the Cradle
1085,Holy Smoke!
1086,Batman: Mystery of the Batwoman
1087,Conspiracy
1088,Doom
1089,Levity
1090,Country
1091,Normal
1092,Titus
1093,Seventh Heaven
1094,Sunrise
1095,The Circus
1096,Tillie's Punctured Romance
1097,Modern Times
1098,Women in Love
1099,Wimbledon
1100,Committed
1101,Elektra
1102,Murphy's Romance
1103,Grand Prix
1104,Twilight
1105,Boys' Night Out
1106,Blue Desert
1107,Rollerball
1108,The Adventures of Pinocchio
1109,Monsignor
1110,Dead Ringers
1111,Ace Ventura: When Nature Calls
1112,The Truth About Cats & Dogs
1113,Kill Bill
1114,Tape
1115,S.W.A.T.
1116,Taking Lives
1117,Pinocchio
1118,Serenity
1119,Amistad
1120,The Others
1121,True Stories
1122,Slap Shot
1123,Oliver's Story
1124,Henry: Portrait Of A Serial Killer
1125,The Gambler
1126,54
1127,Layer Cake
1128,Babes in Toyland
1129,The Incredible Mr. Limpet
1130,Beethoven
1131,2001: A Space Odyssey
1132,P.S. Your Cat Is Dead
1133,The Caine Mutiny
1134,Shaft's Big Score
1135,Superfly
1136,Snatch
1137,The Good Son
1138,Diva
1139,Alien: Resurrection
1140,The Devils
1141,Madigan's Millions
1142,The Devil's Advocate
1143,...And Justice for All
1144,Exotica
1145,Godzilla
1146,Species
1147,Erin Brockovich
1148,Always
1149,Rapid Fire
1150,Samson and Delilah
1151,The Club
1152,Breaker Morant
1153,Original Sin
1154,The Draughtsman's Contract
1155,Somersault
1156,Irreversible
1157,L'Appartement
1158,Lancelot du Lac
1159,Psycho
1160,Shadows
1161,The Informer
1162,The Set-Up
1163,Visitors
1164,Above the Law
1165,Star Wars Episode II: Attack of the Clones
1166,Sleepy Hollow
1167,Star Wars Episode III: Revenge of the Sith
1168,Meatballs
1169,The Hindenburg
1170,American Beauty
1171,Sugar & Spice
1172,Anne of Green Gables
1173,City Hall
1174,Leon
1175,The Protector
1176,The Crow: City of Angels
1177,Get Over It
1178,I Confess
1179,Meteor
1180,Patton
1181,And God Created Woman
1182,Ed Wood
1183,Three Coins in the Fountain
1184,The Swan
1185,My Best Friend's Birthday
1186,Primal Fear
1187,The Stepfather
1188,Around the World in Eighty Days
1189,Dr. Jekyll and Mr. Hyde
1190,...tick...tick...tick...
1191,Mary of Scotland
1192,Smilin' Through
1193,"Mary, Queen of Scots"
1194,Metropolis
1195,The Return of the King
1196,Body and Soul
1197,Sleuth
1198,Deathtrap
1199,Summertime
1200,Mr. Baseball
1201,The Last of the Mohicans
1202,Wicker Park
1203,Dragonfly
1204,Hakuchi
1205,Stray Dog
1206,Rashomon
1207,Congo
1208,Robotix
1209,Big Momma's House
1210,The Sea Hawk
1211,The Adventures of Robin Hood
1212,The Transformers: The Movie
1213,To Be or Not to Be
1214,Groove
1215,I'll Never Forget What's 'Isname
1216,"I, Robot"
1217,The Score
1218,Taegukgi
1219,Anarchists
1220,A Sound of Thunder
1221,Dave
1222,Running on Empty
1223,Sinbad: Legend of the Seven Seas
1224,Tequila Sunrise
1225,Love Field
1226,Hart's War
1227,Speakeasy
1228,Beethoven's 3rd
1229,Beethoven's 4th
1230,Kids
1231,Bully
1232,Glory
1233,Election
1234,Good Boy!
1235,My Girl
1236,John Carpenter's The Thing
1237,The Letter
1238,Alexander's Ragtime Band
1239,Intolerance
1240,It's a Gift
1241,Young Mr. Lincoln
1242,Stitch! The Movie
1243,The Stranger
1244,Alphaville
1245,Look at Me
1246,Magic
1247,Pocahontas
1248,Hey Arnold!: The Movie
1249,The Net
1250,The Black Cauldron
1251,Firefox
1252,Phone Booth
1253,Fluke
1254,Lucas
1255,Summer School
1256,The Baby-Sitters Club
1257,Love & Pop
1258,Ring 0: Birthday
1259,Teacher's Pet
1260,Calamity Jane
1261,Love Me or Leave Me
1262,Look Who's Talking Too
1263,The Party
1264,"Murder, Inc."
1265,The Mark of Zorro
1266,The Luck of the Irish
1267,Marie Antoinette
1268,Becky Sharp
1269,Ghost Dog: The Way of the Samurai
1270,Babette's Feast
1271,Head of State
1272,Twentieth Century
1273,I'm Gonna Git You Sucka
1274,Foxy Brown
1275,Jubilee
1276,"Martha, Meet Frank, Daniel and Laurence"
1277,A Knight's Tale
1278,"A Cool, Dry Place"
1279,Curdled
1280,Outland
1281,Darby O'Gill and the Little People
1282,Entrapment
1283,A Soldier's Story
1284,Inchon
1285,Mannequin
1286,Thunderbolt
1287,Indochine
1288,Teaching Mrs. Tingle
1289,Fear
1290,Blade
1291,I'll Cry Tomorrow
1292,East of Eden
1293,Something Wild
1294,The Devil's Own
1295,Amadeus
1296,Snow White and the Seven Dwarfs
1297,Sweet Home Alabama
1298,Blow
1299,Second Skin
1300,Freeway
1301,Hair
1302,Sunset Boulevard
1303,Grand Illusion
1304,Black Sheep
1305,Yojimbo
1306,Wayne's World 2
1307,New Rose Hotel
1308,Homeboy
1309,The Dead Zone
1310,Ben Hur
1311,Hell's Hinges
1312,Toys
1313,The Pledge
1314,Network
1315,Tora! Tora! Tora!
1316,Road House
1317,War of the Worlds
1318,Legend
1319,This Island Earth
1320,To Catch a Thief
1321,My Foolish Heart
1322,The Exorcist
1323,What Dreams May Come
1324,Hopscotch
1325,Hedda
1326,Homerun
1327,C.H.U.D.
1328,Das Testament des Dr. Mabuse
1329,Speed 2: Cruise Control
1330,Judgment Night
1331,Old School
1332,Ulee's Gold
1333,John Carpenter's Escape from L.A.
1334,Dog Park
1335,Alex & Emma
1336,Street Fighter
1337,The Delinquents
1338,The Nanny
1339,Jezebel
1340,Dangerous
1341,The Thin Man
1342,"Personal History, Adventures, Experience, and Observation of David Copperfield the Younger"
1343,Veronica Guerin
1344,Wings
1345,Cousins
1346,Immortal Beloved
1347,Merlin
1348,The Grave
1349,The Fall of the Roman Empire
1350,Jason and the Argonauts
1351,El Cid
1352,Looney Tunes: Back in Action
1353,Hardcore
1354,Angus
1355,PT 109
1356,Bright Eyes
1357,Doug's 1st Movie
1358,Charlie and the Chocolate Factory
1359,Performance
1360,Fantasia
1361,Boogeyman
1362,Batman & Mr. Freeze: SubZero
1363,Glitter
1364,Hostage
1365,"The Russians Are Coming, the Russians Are Coming"
1366,Hooper
1367,The Thing
1368,"I, the Jury"
1369,Invasion U.S.A.
1370,Fight Club
1371,Round Midnight
1372,Dreams
1373,Sullivan's Travels
1374,So Proudly We Hail!
1375,The Vanishing
1376,1969
1377,Promised Land
1378,"sex, lies and videotape"
1379,Secretary
1380,Stargate
1381,True Colors
1382,Underworld: Evolution
1383,Little Dorrit
1384,The Way of All Flesh
1385,Faust
1386,The Last Command
1387,Dr. Phibes Rises Again
1388,PCU
1389,The Guru
1390,Mostly Martha
1391,Don't Move
1392,Saw
1393,Phenomenon
1394,Bloodsport
1395,Platoon
1396,Austin Powers: International Man of Mystery
1397,Pump Up the Volume
1398,Churchill: The Hollywood Years
1399,Broken Arrow
1400,Alone in the Dark
1401,The War of the Roses
1402,Sybil
1403,"Dude, Where's My Car?"
1404,Double Vision
1405,Head
1406,The Black Stallion
1407,Dick
1408,Ghost World
1409,Roustabout
1410,Dance with a Stranger
1411,The Haunted Mansion
1412,Will Success Spoil Rock Hunter?
1413,Testament
1414,Josie and the Pussycats
1415,"Hitler, Beast of Berlin"
1416,The Gospel of John
1417,Restoration
1418,Battle Cry
1419,"They Shoot Horses, Don't They?"
1420,Romero
1421,Midnight Express
1422,Category 6: Day of Destruction
1423,Bananas
1424,Rambo: First Blood Part II
1425,Bocaccio '70
1426,At the End of the Day: The Sue Rodriguez Story
1427,The Big Bounce
1428,Tommy
1429,Castaway
1430,The Beast
1431,No Way Out
1432,Holiday Inn
1433,Ryan's Daughter
1434,Von Ryan's Express
1435,The Edge
1436,The War at Home
1437,Badlands
1438,Them!
1439,White Noise
1440,Children of Dune
1441,Ransom
1442,The One
1443,The Golden Compass
1444,The Mummy
1445,Ryan
1446,Babylon 5: The Gathering
1447,Madame Curie
1448,It's a Wonderful Life
1449,Giant
1450,"Summer Wishes, Winter Dreams"
1451,Mr. & Mrs. Bridge
1452,The Raven
1453,Shock
1454,Solaris
1455,Andrei Rublev
1456,Stalker
1457,Heroism
1458,Dogfight
1459,Kolberg
1460,Brigham City
1461,Flipper
1462,Battleground
1463,Buffalo '66
1464,"Welcome Home, Roxy Carmichael"
1465,Cheaters
1466,Bonnie and Clyde
1467,McCabe & Mrs. Miller
1468,Ishtar
1469,Shampoo
1470,"Honey, I Blew Up the Kid"
1471,Hot Shots!
1472,Everything You Always Wanted to Know About Sex (But Were Afraid to Ask)
1473,Hide and Seek
1474,Monster
1475,The Damned
1476,The Clan of the Cave Bear
1477,Z
1478,The Libertine
1479,Frankenstein
1480,Name of the Rose
1481,Taiyo o Nusunda Otoko
1482,Mishima: A Life in Four Chapters
1483,Devil's Gate
1484,Anthropophagous
1485,Godzilla: Final Wars
1486,Godzilla: Tokyo SOS
1487,L'Homme de Rio
1488,Backlash
1489,Warlock
1490,Hotel Terminus: The Life and Times of Klaus Barbie
1491,Les liaisons dangereuses
1492,Dirty Dancing
1493,Cinderella
1494,SuperBabies: Baby Geniuses 2
1495,Jackie Brown
1496,Shatranj Ke Khiladi
1497,Metroland
1498,Laurel Canyon
1499,Tom Jones
1500,Terminator 3: Rise of the Machines
1501,City of God
1502,Captain Blood
1503,Celebrity
1504,Idiot's Delight
1505,Morocco
1506,Morning Glory
1507,Twins
1508,Leo
1509,Cowboy Bebop: The Movie
1510,Who Is Harry Kellerman and Why Is He Saying Those Terrible Things About Me?
1511,Papillon
1512,The Dead
1513,The Grifters
1514,Blind Date
1515,The Blue Lagoon
1516,The English Patient
1517,The Three Musketeers
1518,Shivers
1519,The Civil War
1520,Chain Reaction
1521,Kiss the Girls
1522,Resident Evil
1523,Road Trip
1524,Mockingbird Don't Sing
1525,Air America
1526,Anacondas: The Hunt for the Blood Orchid
1527,Antwone Fisher
1528,Hidalgo
1529,Yu-Gi-Oh! The Movie: Pyramid of Light
1530,The Hostage
1531,Twisted
1532,Freedomland
1533,"""From Time to Time""/""De Temps en Temps"""
1534,L'homme du train
1535,Pooh's Heffalump Movie
1536,Piglet's Big Movie
1537,Young Adam
1538,Circus
1539,Industrial Symphony No. 1
1540,Hud
1541,Mr. Mike's Mondo Video
1542,The Killer
1543,The Land Girls
1544,U-571
1545,Child's Play
1546,Holocaust
1547,Tom & Viv
1548,Look Who's Talking
1549,Wayne's World
1550,Urban Legend
1551,Flash Gordon's Trip to Mars
1552,Flash Gordon
1553,Alice
1554,Battle Royale
1555,Serendipity
1556,Tennessee's Partner
1557,Smoke Signals
1558,Moulin Rouge
1559,The Sand Pebbles
1560,Carnal Knowledge
1561,Lust for Life
1562,Viva Zapata!
1563,James and the Giant Peach
1564,Nobody's Perfect
1565,The Crucible
1566,Ramona
1567,Coquette
1568,Poor Little Rich Girl
1569,Three Colors: Blue
1570,Clockwise
1571,She's Gotta Have It
1572,Trinity
1573,Orlando
1574,Dead Calm
1575,Candyman
1576,"Truly, Madly, Deeply"
1577,Woodstock
1578,The Magician
1579,Birdy
1580,D.O.A.
1581,Day of the Dead
1582,For Love or Country: The Arturo Sandoval Story
1583,Time After Time
1584,The Pillow Book
1585,The Shaggy Dog
1586,Raw Deal
1587,Mary Shelley's Frankenstein
1588,Miranda
1589,God's Army
1590,Screamers
1591,Ji¶nssonligans sti¶rsta kupp
1592,Zapata: El suei±o de un heroe
1593,Beowulf
1594,Lady Jane
1595,Body Double
1596,Foreign Correspondent
1597,Pitch
1598,The Belles of St Trinian's
1599,Safety Last!
1600,"What's Opera, Doc?"
1601,Knock Knock
1602,Porky's Hare Hunt
1603,It's a Very Merry Muppet Christmas Movie
1604,Team America: World Police
1605,The Yearling
1606,The Tell-Tale Heart
1607,Journey to the Center of the Earth
1608,Secrets & Lies
1609,Selena
1610,Police Story
1611,"Augustin, King of Kung-Fu"
1612,Clean
1613,Gidget
1614,Class
1615,The Best Man
1616,Ghost in the Shell 2: Innocence
1617,Child's Play 3
1618,Harvey
1619,Vertigo
1620,Herbie: Fully Loaded
1621,Jailhouse Rock
1622,The Getaway
1623,Mr. Majestyk
1624,Multiplicity
1625,Green Card
1626,Scum
1627,Frantic
1628,My Left Foot
1629,Baby's Day Out
1630,The River
1631,To Each His Own
1632,Remo Williams: The Adventure Begins
1633,Bridget Jones: The Edge of Reason
1634,Resurrection
1635,Our Town
1636,Blood from the Mummy's Tomb
1637,Quatermass and the Pit
1638,"Reuben, Reuben"
1639,The Hobbit
1640,Total Eclipse
1641,Poison Ivy
1642,The Cheetah Girls
1643,Square Dance
1644,The Rehearsal
1645,Rebecca
1646,"To Sir, with Love"
1647,Alien3
1648,Swimming Pool
1649,A Hard Day's Night
1650,Bells Are Ringing
1651,Johnny Mnemonic
1652,Georgia
1653,Beloved
1654,Spirit: Stallion of the Cimarron
1655,Gerry
1656,San Francisco
1657,La Bamba
1658,Override
1659,The Heartbreak Kid
1660,Rabbit Test
1661,Hawmps!
1662,Teddy Bear
1663,The Cruise
1664,Buster
1665,Anatomy
1666,Creep
1667,Blueprint
1668,Thirteen Days
1669,"Yours, Mine and Ours"
1670,Anne of Green Gables: The Continuing Story
1671,Life Is Sweet
1672,Crossfire
1673,Swingers
1674,Sabotage
1675,The Lodger: A Story of the London Fog
1676,Fanny
1677,The Red Shoes
1678,The Tales of Hoffmann
1679,The Gun in Betty Lou's Handbag
1680,Godfather
1681,Rick
1682,I Want to Live!
1683,Bushido Blade
1684,Claudine
1685,Merlin's Shop of Mystical Wonders
1686,Ice Station Zebra
1687,My Cousin Rachel
1688,Gloria
1689,Ginger Snaps
1690,If...
1691,Sisters
1692,"Cousin, cousine"
1693,Getting Any?
1694,The Fisher King
1695,Kanao
1696,The Morning After
1697,Pandemonium
1698,Bat*21
1699,The Brothers Karamazov
1700,Mambo Italiano
1701,Northwest Passage
1702,Tortilla Flat
1703,The Power and the Glory
1704,Adam's Rib
1705,Test Pilot
1706,In My Father's Den
1707,American Girl
1708,Saboteur
1709,Bed & Board
1710,The Witness
1711,Steamboat Bill Jr.
1712,Cops
1713,Film
1714,"Sherlock, Jr."
1715,The General
1716,Lone Star
1717,Lara Croft: Tomb Raider
1718,Shine
1719,Dumb & Dumberer
1720,Wishmaster
1721,Ace Ventura: Pet Detective
1722,Miracle Mile
1723,Liebestraum
1724,Patch Adams
1725,Concrete
1726,Blue
1727,Carrington V.C.
1728,Battle of the Bulge
1729,"No Retreat, No Surrender"
1730,Armour of God II: Operation Condor
1731,Snake in the Eagle's Shadow
1732,Snake & Crane Arts of Shaolin
1733,Who Am I?
1734,Lovin' Molly
1735,A Tale of Two Cities
1736,Night of the Living Dead
1737,The Hills Have Eyes
1738,Broadcast News
1739,Immortel
1740,Foxfire
1741,White Fang
1742,Colossus: The Forbin Project
1743,"Ghidorah, the Three-Headed Monster"
1744,Pee-wee's Big Adventure
1745,Blue Murder at St Trinian's
1746,Gentleman's Agreement
1747,Accident
1748,The Devil's Holiday
1749,Patterns
1750,Rangeela
1751,Breakin' All the Rules
1752,42nd Street
1753,"Happy Birthday, Wanda June"
1754,The Bells of St. Mary's
1755,Vincent
1756,Dr. T & the Women
1757,National Lampoon's Van Wilder
1758,The Naked Gun 2 1/2: The Smell of Fear
1759,Prince of Darkness
1760,Aimee & Jaguar
1761,Incubus
1762,BMX Bandits
1763,The Pied Piper
1764,Over the Edge
1765,Rock 'n' Roll High School
1766,Night Shift
1767,The Little Rascals
1768,The Farmer's Wife
1769,Missing
1770,Tomcats
1771,Good Morning
1772,The Great Escape II: The Untold Story
1773,The Games
1774,Camille Claudel
1775,From Time to Time
1776,The Cheat
1777,The King of Comedy
1778,Hitler: The Last Ten Days
1779,Yu Yu Hakusho: Poltergeist Report
1780,L'avventura
1781,Cannibal! The Musical
1782,8Â½
1783,Nam's Angels
1784,Silsila
1785,Berkeley Square
1786,The Story of G.I. Joe
1787,King of Hearts
1788,"Smash-Up, the Story of a Woman"
1789,Dunkirk
1790,New York Minute
1791,Under My Skin
1792,Dangerous Curves
1793,The First $20 Million Is Always the Hardest
1794,Lorenzo's Oil
1795,Romance
1796,Arrowsmith
1797,Condemned
1798,Bulldog Drummond
1799,Central do Brasil
1800,Don't Knock the Rock
1801,Dr. Who and the Daleks
1802,Pandaemonium
1803,Batoru rowaiaru II: Chinkonka
1804,Holiday
1805,Somebody Up There Likes Me
1806,Sleeping with the Enemy
1807,Helter Skelter
1808,"Que i Isso, Companheiro?"
1809,The R.M.
1810,Thirteen
1811,Chance
1812,Anywhere But Here
1813,Puss in Boots
1814,Beaches
1815,Seduction: The Cruel Woman
1816,Millennium
1817,King: a Filmed Record...Montgomery To Memphis
1818,Kama Sutra: A Tale of Love
1819,"Distant Voices, Still Lives"
1820,The Big Kahuna
1821,Ran
1822,Inferno
1823,Out of Africa
1824,"Hips, Hips, Hooray!"
1825,Real Life
1826,Trial
1827,"The Line, the Cross and the Curve"
1828,The Human Condition
1829,Kwaidan
1830,Sorcerer
1831,Scott of the Antarctic
1832,Babe: Pig in the City
1833,Casualties of Love: The Long Island Lolita Story
1834,Abraham Lincoln
1835,Disraeli
1836,Kes
1837,Algiers
1838,Bombay
1839,Jeans
1840,The Miracle of Morgan's Creek
1841,It's All About Love
1842,Ilsa: She-Wolf of the SS
1843,Rigoletto
1844,The Testaments: Of One Fold and One Shepherd
1845,Afterglow
1846,Days of Wine and Roses
1847,Walkabout
1848,High Fidelity
1849,Love Me Tender
1850,Bagdad
1851,Justice
1852,Turkish Delight
1853,Mr. Magoo's Christmas Carol
1854,With a Song in My Heart
1855,Cube
1856,Rabbit-Proof Fence
1857,Tron
1858,Class Action
1859,Pi
1860,The Lady Vanishes
1861,Berserker
1862,The Motorcycle Diaries
1863,"Faster, Pussycat! Kill! Kill!"
1864,Ulysses
1865,Pandora's Box
1866,L'ige d'Or
1867,Baywatch: Hawaiian Wedding
1868,Diamond Head
1869,Â¡itame!
1870,Ecstasy
1871,Snow White
1872,After Life
1873,Distance
1874,The Gate
1875,M. Butterfly
1876,Knots Landing: Back to the Cul-de-Sac
1877,Dracula: Dead and Loving It
1878,The Face Behind the Mask
1879,The Price of Milk
1880,Stalingrad
1881,Gray's Anatomy
1882,The Adventures of Robinson Crusoe
1883,Who's That Girl?
1884,Puppet Master
1885,London After Midnight
1886,The Enforcer
1887,Godzilla 2000: Millennium
1888,The Mother
1889,Godzilla vs. the Sea Monster
1890,Black Sabbath
1891,Omagh
1892,The Great St Trinian's Train Robbery
1893,Hullabaloo
1894,Wasabi
1895,Hawks
